eye_deviation,head_movement,face_scale,mouse_idle_time,response_time
0.0,0.0,0.0,0,14
0.0,0.0,0.0,1,15
0.0,0.0,0.0,2,17
10.0,14.0,0.2393330481678754,0,22
20.0,32.0,0.17586830258993658,5,23
9.0,19.0,0.20480629949287346,6,25
11.0,14.0,0.20396691360576788,8,27
0.0,0.0,0.0,10,29
9.0,18.0,0.1975043893732972,12,31
0.0,0.0,0.0,14,33
13.0,31.0,0.13102405414060692,16,35
33.0,28.0,0.1415064421682867,18,37
12.0,15.0,0.1742105613605747,20,39
10.0,14.0,0.2055987922849021,0,41
13.0,16.0,0.21184734836751448,0,43
12.0,16.0,0.2124717638454358,0,45
12.0,15.0,0.2148351547348307,0,47
23.0,17.0,0.22038348038146544,2,49
21.0,15.0,0.2109900786308671,4,51
11.0,15.0,0.2107266554234325,6,53
32.0,13.0,0.22795880185589654,0,55
13.0,14.0,0.2222360639759982,0,57
13.0,18.0,0.2254817206214502,0,59
8.0,21.0,0.231167870390092,0,61
35.0,17.0,0.23039054012486584,0,2
31.0,17.0,0.22674238791384987,1,4
24.0,20.0,0.22825561561575555,3,6
27.0,20.0,0.23082290073153994,5,8
40.0,15.0,0.23127687570600752,7,10
39.0,14.0,0.23045372551108698,9,12
22.0,14.0,0.23193708682343786,11,14
37.0,18.0,0.23834618607137192,13,16
29.0,19.0,0.23230472897394994,15,18
17.0,20.0,0.23173138398317022,17,20
16.0,21.0,0.2344277729222498,19,22
27.0,21.0,0.24029465027726218,0,24
23.0,22.0,0.2394975504531051,1,26
25.0,23.0,0.23950478308759637,0,28
39.0,20.0,0.23720110356604596,0,30
41.0,18.0,0.2376219137017985,0,2
19.0,20.0,0.23129897229180252,2,4
17.0,8.0,0.2226491269587904,4,6
18.0,14.0,0.22619086110379527,6,8
18.0,21.0,0.22942790608579858,0,10
16.0,20.0,0.23081092850399243,1,12
18.0,22.0,0.2297136387065804,3,14
20.0,13.0,0.20549812620608543,5,16
36.0,15.0,0.22742004975932958,7,18
47.0,20.0,0.22998782137689097,9,20
10.0,21.0,0.2216569941683538,11,22
22.0,20.0,0.22414170593393679,13,24
13.0,24.0,0.22224337539016947,15,26
33.0,22.0,0.22572206472013695,0,28
22.0,15.0,0.22754100641401528,1,2
16.0,17.0,0.22270520827890267,3,4
21.0,20.0,0.22778867557369928,0,6
9.0,21.0,0.23238656660147164,1,8
30.0,23.0,0.23016188668116438,3,10
23.0,13.0,0.22415831211912515,5,12
9.0,6.0,0.21633939344109765,7,14
29.0,15.0,0.23240198627251485,9,16
22.0,14.0,0.2285445794217769,11,18
40.0,15.0,0.22483207997629723,13,20
34.0,14.0,0.22234902377265914,15,22
32.0,13.0,0.22338838996368554,17,24
24.0,12.0,0.22257447681220455,19,26
35.0,13.0,0.22050543392260064,21,28
38.0,16.0,0.22790091634000587,23,30
9.0,14.0,0.1974854740027125,25,32
12.0,24.0,0.2179266073643002,27,34
15.0,9.0,0.21195640928194306,29,36
17.0,10.0,0.2157398941778492,31,38
37.0,13.0,0.2142926728164532,33,40
26.0,13.0,0.21453736204169777,35,42
13.0,14.0,0.21753022049685852,37,44
14.0,15.0,0.2189481378947509,39,46
17.0,14.0,0.22088171150740896,0,48
38.0,20.0,0.22884494333210906,1,50
7.0,24.0,0.23389103730389382,3,52
31.0,11.0,0.2206892648801823,5,54
21.0,8.0,0.20993694559861228,7,56
37.0,22.0,0.22178708598007943,9,58
22.0,19.0,0.22697570748124687,0,60
20.0,20.0,0.22591118942033941,0,2
12.0,24.0,0.22894334997617155,2,4
21.0,23.0,0.2339191320724563,4,6
10.0,22.0,0.23588205157063924,6,8
16.0,23.0,0.23442537078656298,0,10
43.0,11.0,0.22821165567036786,2,12
20.0,9.0,0.22804096118477962,4,14
8.0,30.0,0.2224560464384022,6,16
19.0,23.0,0.2146703414162098,8,18
16.0,6.0,0.20227148430438505,10,20
14.0,4.0,0.2163055087185639,12,22
28.0,9.0,0.21867408597164578,14,24
28.0,14.0,0.2225690138768337,16,26
13.0,23.0,0.21747489730700947,18,28
15.0,24.0,0.22607968673890136,20,30
25.0,25.0,0.24462469361566924,22,32
10.0,28.0,0.26171168670759204,24,34
10.0,33.0,0.27728911723114297,26,36
39.0,27.0,0.26275127845692325,28,38
15.0,16.0,0.22781125256864376,0,40
11.0,22.0,0.21912559088102024,1,42
27.0,14.0,0.22666944535104297,3,44
26.0,10.0,0.2300667762413012,5,46
34.0,13.0,0.2268552016584261,7,48
12.0,19.0,0.22371044720233688,9,50
48.0,24.0,0.22438198648014707,11,52
24.0,11.0,0.22389673215625783,13,54
19.0,24.0,0.2304583980377441,15,56
9.0,21.0,0.21887338694723607,17,58
28.0,23.0,0.22995364480283637,19,60
15.0,19.0,0.22978697750260027,0,62
18.0,18.0,0.22295757848822767,0,64
24.0,22.0,0.22738523807154282,1,66
11.0,8.0,0.22484308287819457,0,68
11.0,17.0,0.23220592885884786,0,2
15.0,19.0,0.2345449324746003,1,4
18.0,19.0,0.23373607156735762,3,6
9.0,19.0,0.2326878903526747,5,8
17.0,19.0,0.2281213791273411,7,10
7.0,16.0,0.21888997549389394,9,12
6.0,17.0,0.21821195003290533,11,14
11.0,17.0,0.22252544814442668,13,16
44.0,18.0,0.22580048099278907,1,18
24.0,6.0,0.21468454517461338,1,20
10.0,1.0,0.22376120329066773,3,22
28.0,20.0,0.23938859274875487,0,24
23.0,23.0,0.2371597316192063,0,26
13.0,28.0,0.23592396090949527,2,28
11.0,30.0,0.25295947633997606,4,30
26.0,31.0,0.25527309536396264,6,32
26.0,29.0,0.25416464450702253,8,34
45.0,31.0,0.25597254195270563,10,36
10.0,32.0,0.2508551635663459,12,38
37.0,32.0,0.25745270967176015,14,40
26.0,31.0,0.2538756856861498,16,42
31.0,31.0,0.25749286122537146,18,44
14.0,23.0,0.2393670409127915,20,46
22.0,18.0,0.23181161255829302,0,48
30.0,17.0,0.2349666463687694,1,50
10.0,17.0,0.23163887289579438,0,52
19.0,18.0,0.23667499701570566,1,54
41.0,16.0,0.23516817638575357,3,56
32.0,14.0,0.23271660768423988,5,58
43.0,14.0,0.2368852357535917,7,60
22.0,14.0,0.23501587424803164,9,62
17.0,15.0,0.23649334884830725,11,64
43.0,16.0,0.2336250751814042,13,66
39.0,16.0,0.23803305485031373,15,68
44.0,16.0,0.23658944866393083,17,70
21.0,16.0,0.2309518080899973,19,72
24.0,17.0,0.23312295298530253,21,74
50.0,16.0,0.23715987338451694,23,76
26.0,17.0,0.2374928955658441,25,78
22.0,18.0,0.233450482069477,27,80
20.0,18.0,0.23843941227347543,29,82
27.0,18.0,0.23696436952343547,31,84
20.0,18.0,0.23430355922204213,33,86
15.0,17.0,0.23701294104754983,35,88
44.0,17.0,0.2393013635549174,37,90
21.0,15.0,0.2363394388862133,39,92
23.0,15.0,0.23872521312470477,41,94
26.0,14.0,0.2360152601960331,43,96
38.0,14.0,0.23729490474550463,45,98
18.0,15.0,0.2348823442512179,47,100
31.0,15.0,0.2366415011870645,49,102
33.0,15.0,0.23772218721746732,51,104
32.0,18.0,0.2436817916055552,0,106
40.0,18.0,0.24239013024917958,0,108
27.0,20.0,0.24203795939082273,2,110
36.0,9.0,0.22206003832697968,4,112
23.0,17.0,0.241219142213984,0,114
32.0,15.0,0.24504532364150444,0,116
36.0,16.0,0.2422398407126701,1,118
25.0,21.0,0.2408772498408385,3,120
16.0,19.0,0.23515642084511393,5,122
28.0,19.0,0.24458855089091525,0,124
23.0,19.0,0.24878692317960033,0,2
33.0,16.0,0.24233914938576362,2,4
15.0,14.0,0.24222903074023883,4,6
29.0,12.0,0.24424940524485808,6,8
16.0,17.0,0.20568644828572474,8,10
16.0,21.0,0.2235441803250176,10,12
8.0,23.0,0.23311788867772915,12,14
19.0,22.0,0.2162910133953706,14,16
11.0,22.0,0.23637723857233178,16,18
19.0,23.0,0.2302708295160487,18,20
12.0,23.0,0.21090025298433213,20,22
8.0,16.0,0.23875546938547249,0,24
17.0,22.0,0.23446192807163777,1,26
36.0,13.0,0.23711093102453862,1,28
31.0,10.0,0.229599644406638,3,30
10.0,19.0,0.21666964926494656,5,32
24.0,13.0,0.18362254792116972,7,34
8.0,11.0,0.19187912200441126,9,36
19.0,8.0,0.195484535883985,11,38
18.0,14.0,0.19627354508985337,13,40
17.0,6.0,0.19271798431861742,15,42
11.0,13.0,0.1737854389113972,17,44
15.0,15.0,0.19349228603636004,19,46
21.0,21.0,0.2235828961113576,21,48
7.0,18.0,0.2261947704766767,23,50
18.0,20.0,0.22604215878433612,25,52
28.0,11.0,0.22760624889516448,27,54
12.0,18.0,0.2414206836965009,29,56
19.0,26.0,0.2102975881264925,31,58
13.0,2.0,0.19167987931908034,33,60
11.0,1.0,0.19213307667236895,35,62
25.0,12.0,0.20840757756530248,37,64
16.0,26.0,0.2374618586909709,39,66
26.0,7.0,0.22514229770515243,41,68
12.0,2.0,0.22706251863161744,43,70
26.0,18.0,0.22958997308736515,45,72
10.0,20.0,0.23056059066147558,47,74
31.0,12.0,0.22535881388868895,49,76
22.0,19.0,0.22346482941624551,51,78
26.0,32.0,0.23165136502310021,53,80
8.0,27.0,0.23821981000561965,55,82
9.0,26.0,0.23749495836442225,57,84
37.0,26.0,0.23765388277625735,59,86
22.0,28.0,0.23965736223086168,61,88
6.0,29.0,0.23504621835445888,63,90
11.0,29.0,0.24924269698131146,65,92
28.0,25.0,0.24517798137429894,67,94
11.0,26.0,0.24779140598789437,69,96
16.0,27.0,0.23872075181957994,71,98
30.0,14.0,0.20024916176809415,73,100
6.0,23.0,0.23834944160977486,75,102
9.0,23.0,0.24088665416864774,77,104
43.0,21.0,0.23499507765664088,79,106
20.0,18.0,0.22319293673555773,81,108
38.0,18.0,0.2292178541567777,83,110
9.0,21.0,0.233298054978553,85,112
7.0,23.0,0.2328183895825354,87,114
18.0,25.0,0.2278435360318936,89,116
19.0,25.0,0.22726894957120092,91,118
40.0,23.0,0.2302680305846486,93,120
5.0,25.0,0.25465895883991563,95,122
37.0,18.0,0.2350066769606363,97,124
22.0,20.0,0.2292941263503554,0,126
14.0,23.0,0.2269818070536521,0,128
0.0,0.0,0.0,1,3
0.0,0.0,0.0,0,5
11.0,15.0,0.22023781294842368,0,7
13.0,16.0,0.21846048250134573,0,9
14.0,14.0,0.1918989003698563,0,11
13.0,24.0,0.21669380112828746,1,13
8.0,25.0,0.21159193005011065,0,15
6.0,22.0,0.2242186048258089,1,17
26.0,20.0,0.22108837270728987,3,19
12.0,20.0,0.22498174278884717,5,21
7.0,23.0,0.22386270521119025,7,23
16.0,24.0,0.22341441314647112,9,25
24.0,15.0,0.2210840875478935,11,27
27.0,11.0,0.2173364077396351,13,29
25.0,12.0,0.21395283019514788,15,31
31.0,19.0,0.2193717759076889,17,33
33.0,20.0,0.22284735381737894,19,35
33.0,20.0,0.22007709917022064,21,37
26.0,21.0,0.22304804335104136,23,39
30.0,22.0,0.2274256117844073,25,41
17.0,22.0,0.2152146111526664,27,43
8.0,25.0,0.2076187895534355,29,45
24.0,25.0,0.20867774639430656,31,47
15.0,25.0,0.23419635240553613,0,49
37.0,13.0,0.23908408555909183,0,51
17.0,16.0,0.23292457494856053,2,53
21.0,26.0,0.22509937812937109,4,55
7.0,25.0,0.21333311738876318,0,57
12.0,26.0,0.22774109585371916,0,59
9.0,20.0,0.20360057930008343,1,2
7.0,22.0,0.22427344393525683,0,4
10.0,21.0,0.2206382477651276,1,6
25.0,11.0,0.2148781152378422,3,8
10.0,8.0,0.21241346470450684,5,10
16.0,17.0,0.22021061253109445,7,12
36.0,12.0,0.2198036113160957,9,14
20.0,12.0,0.21380023922617386,11,16
14.0,26.0,0.21795850342951337,13,18
30.0,37.0,0.22464247971304302,15,20
31.0,19.0,0.2211931298928839,17,22
25.0,20.0,0.22282671646114482,19,24
15.0,23.0,0.2265476802360275,21,26
6.0,23.0,0.2200041113337095,23,28
30.0,23.0,0.2291233155515545,25,30
32.0,25.0,0.23525517590531456,27,32
17.0,25.0,0.23319176261425864,0,34
42.0,17.0,0.2277091309092864,1,2
32.0,14.0,0.2284883273786112,0,4
6.0,26.0,0.23118430483529742,1,6
22.0,25.0,0.2300429285831957,0,8
35.0,15.0,0.2303519346875898,2,10
27.0,17.0,0.22624994261277262,4,12
19.0,21.0,0.2287911453425369,0,14
21.0,24.0,0.23409045219033042,1,16
13.0,22.0,0.22596786738419655,0,18
29.0,16.0,0.21366610734257854,2,20
17.0,26.0,0.24326670868424768,4,22
34.0,21.0,0.24478526928810174,6,24
12.0,24.0,0.2453874098041277,8,26
9.0,26.0,0.2438906302791214,10,28
15.0,25.0,0.24168827191741604,12,30
10.0,25.0,0.24782081143400514,14,32
8.0,24.0,0.2508685827940109,16,34
10.0,25.0,0.24777840118122374,18,36
14.0,24.0,0.25115284491053974,20,38
14.0,27.0,0.2475033081272258,22,40
13.0,27.0,0.2268668103281931,0,42
50.0,22.0,0.23256395120879833,0,2
38.0,24.0,0.21586985749027188,2,4
9.0,16.0,0.19199542347484116,4,6
10.0,20.0,0.18202190541039212,6,8
29.0,20.0,0.22395120571858065,8,10
10.0,23.0,0.229535573383899,10,12
8.0,25.0,0.21803991440654164,0,14
9.0,27.0,0.2260786861935661,0,16
37.0,16.0,0.20751260848437403,2,18
14.0,14.0,0.21240317694698296,4,20
7.0,28.0,0.2568444680788642,6,22
24.0,35.0,0.25628673102222793,8,24
45.0,32.0,0.25956392348599533,10,26
9.0,33.0,0.2571325397498378,12,28
7.0,32.0,0.2608176037109189,14,30
25.0,30.0,0.25643349788242575,16,32
28.0,13.0,0.22482300726074378,18,34
38.0,15.0,0.22876709090389363,20,36
23.0,21.0,0.23090844417467865,0,38
22.0,23.0,0.23189012267851536,0,40
16.0,23.0,0.23332434005225694,0,42
12.0,24.0,0.23286099293057003,0,44
18.0,23.0,0.22995518422789923,1,46
21.0,24.0,0.23689231832543184,0,48
42.0,22.0,0.2387745451123105,2,50
12.0,23.0,0.22916047390070776,1,52
41.0,22.0,0.23342291465580944,3,54
33.0,19.0,0.23250562711579684,5,56
18.0,17.0,0.2315982628261924,7,58
36.0,18.0,0.20508341794028392,9,60
35.0,17.0,0.21014384990326887,11,62
15.0,27.0,0.23144034146038253,0,64
15.0,27.0,0.22493638143308897,0,2
13.0,25.0,0.22178690762622374,0,4
34.0,15.0,0.203924775801927,1,6
10.0,29.0,0.24880170537911275,3,8
8.0,30.0,0.2524309881950977,5,10
12.0,29.0,0.2521160194262745,7,12
12.0,31.0,0.2489649060810522,9,14
12.0,31.0,0.2500635102710002,11,16
22.0,30.0,0.24760416090717233,13,18
8.0,31.0,0.24857869787745815,15,20
37.0,24.0,0.24655043148791367,17,22
8.0,24.0,0.23848499416031038,19,24
37.0,26.0,0.24402418335343515,21,26
43.0,25.0,0.2475485452546898,23,28
7.0,25.0,0.23675014200416908,25,30
7.0,31.0,0.250393348197365,27,32
7.0,34.0,0.24278410405554757,29,34
9.0,17.0,0.17417820915716642,31,36
13.0,25.0,0.1932550186414997,33,38
14.0,30.0,0.22140245265342848,35,40
7.0,30.0,0.21983856728282122,37,42
35.0,29.0,0.21935434555438724,39,44
49.0,30.0,0.22859496241663543,41,46
8.0,24.0,0.20647507558049144,43,48
7.0,29.0,0.23034096348019548,45,50
10.0,25.0,0.23580190146717353,47,52
26.0,28.0,0.23315931126106146,49,54
34.0,23.0,0.23589805582603388,51,56
20.0,24.0,0.23857651559661563,53,58
37.0,20.0,0.21931235290120468,55,60
25.0,26.0,0.19863713290024093,0,62
18.0,17.0,0.2001222567258785,0,2
19.0,22.0,0.21011109929240354,2,4
6.0,27.0,0.2046008069752765,4,6
13.0,30.0,0.1885465603802814,6,8
26.0,18.0,0.1903156905583574,8,10
27.0,21.0,0.18579419027240796,10,12
15.0,24.0,0.21648766122993665,12,14
11.0,26.0,0.1959217917838309,14,16
20.0,20.0,0.2287412659013779,16,18
30.0,14.0,0.2301186032394016,18,20
15.0,15.0,0.22729404144737428,20,22
44.0,16.0,0.2331370286282493,22,24
32.0,19.0,0.23485571296148997,24,26
16.0,25.0,0.23101578858731486,26,28
16.0,12.0,0.2191487857885303,28,30
20.0,17.0,0.2023507953258539,30,32
33.0,27.0,0.24598691549270632,32,34
8.0,31.0,0.24452535976483133,34,36
11.0,36.0,0.25848844696562073,36,38
10.0,36.0,0.25536703107231684,38,40
16.0,36.0,0.2607752276836398,40,42
46.0,21.0,0.22990372881429819,42,44
27.0,28.0,0.2212855202282016,44,46
13.0,29.0,0.22101521292395013,46,48
11.0,29.0,0.21853557795604997,48,50
11.0,29.0,0.2281368847052681,50,52
32.0,19.0,0.22391339287841014,52,54
8.0,27.0,0.19017319743549485,54,56
38.0,20.0,0.20586799195120575,56,58
8.0,28.0,0.20902945832139122,58,60
9.0,30.0,0.21291951671700118,60,62
40.0,27.0,0.21522462846256715,62,64
8.0,27.0,0.2113479949426468,64,66
10.0,31.0,0.20993034775334088,66,68
12.0,31.0,0.20643653985777985,68,70
13.0,31.0,0.20552076864893903,70,72
7.0,31.0,0.21909430523232776,72,74
12.0,28.0,0.21403092837207038,74,76
43.0,24.0,0.22512246413942624,76,78
17.0,21.0,0.21412890840146345,78,80
5.0,24.0,0.21790278131532545,80,82
5.0,24.0,0.22295536194971163,82,84
16.0,17.0,0.1488509808535745,84,86
33.0,18.0,0.15414445399966314,86,88
27.0,16.0,0.15893410845200687,88,90
15.0,18.0,0.15969565139941364,90,92
13.0,16.0,0.15865380172105134,92,94
30.0,15.0,0.15864176145297063,94,96
14.0,16.0,0.15634395673676185,96,98
24.0,16.0,0.15712826992516815,98,100
27.0,14.0,0.15960625932867423,100,102
12.0,12.0,0.154628616876395,102,104
26.0,11.0,0.1562680390095652,104,106
28.0,12.0,0.1594665105191331,106,108
38.0,18.0,0.15806814481270376,108,110
20.0,18.0,0.15875151545176744,110,112
8.0,17.0,0.15508188042555668,112,114
31.0,18.0,0.1554075772823554,114,116
7.0,20.0,0.15493770184220293,116,118
11.0,11.0,0.14640371900435767,118,120
22.0,11.0,0.15779145814174278,120,122
18.0,8.0,0.16065919702002138,122,124
12.0,17.0,0.15969211517344462,124,126
11.0,15.0,0.16111767191945733,126,128
0.0,0.0,0.0,0,130
28.0,9.0,0.23470312879549746,0,132
26.0,3.0,0.22666294399509943,0,2
31.0,5.0,0.2265515914127208,0,4
22.0,13.0,0.22729613354054978,1,6
13.0,11.0,0.2235154758961077,3,8
10.0,11.0,0.22749401275561415,5,10
18.0,12.0,0.2278944764748408,7,12
11.0,13.0,0.22618874319031584,9,14
8.0,14.0,0.22231876733227712,11,16
8.0,15.0,0.22355802756607837,0,18
23.0,16.0,0.22836189300668946,1,20
28.0,16.0,0.22731065042758042,0,22
38.0,17.0,0.23033489743738125,2,24
9.0,16.0,0.23181037183104963,0,26
19.0,16.0,0.20034920760735941,2,28
29.0,15.0,0.2162954470320477,4,30
9.0,19.0,0.21701655795666125,6,32
15.0,24.0,0.22078371440139768,8,34
16.0,18.0,0.21732536456323698,10,36
18.0,12.0,0.21942404293040454,12,38
32.0,8.0,0.21426627250818206,14,40
34.0,8.0,0.2186783791481429,16,42
13.0,12.0,0.19532696849367345,18,44
11.0,27.0,0.23305599692118087,20,46
8.0,31.0,0.24644993036123347,22,48
31.0,34.0,0.2529326896180394,24,50
7.0,23.0,0.24438880406149982,26,52
8.0,29.0,0.25027974894809824,28,54
6.0,33.0,0.2540456463154586,30,56
6.0,33.0,0.25610561504157625,32,58
6.0,32.0,0.2558384927652887,34,60
8.0,33.0,0.2550585885085028,36,62
41.0,28.0,0.2461308437451844,38,64
30.0,18.0,0.23747190108885793,40,66
21.0,17.0,0.23278925657718882,42,68
9.0,15.0,0.20705290850368194,44,70
22.0,15.0,0.20362906090160476,46,72
17.0,11.0,0.20303164255212264,48,74
19.0,14.0,0.2028846455059224,50,76
34.0,16.0,0.2066413820929982,52,78
24.0,29.0,0.23308649878366863,54,80
15.0,27.0,0.22883759376029683,56,82
7.0,26.0,0.2277418752740882,58,84
25.0,19.0,0.2072814921680676,60,86
29.0,13.0,0.20892495723104476,62,88
36.0,12.0,0.2105654046916465,64,90
32.0,8.0,0.20869856753648308,66,92
0.0,0.0,0.0,68,94
26.0,5.0,0.15917376543049042,70,96
24.0,9.0,0.1645231621053646,72,98
17.0,11.0,0.19421860159803392,74,100
16.0,13.0,0.20675113721580288,1,102
35.0,14.0,0.21772080383949702,3,104
30.0,16.0,0.21751866248999138,1,106
36.0,15.0,0.21855824909260754,3,108
30.0,15.0,0.22302684204086248,5,110
49.0,16.0,0.22503948722234166,1,112
8.0,15.0,0.21894663485359853,3,114
8.0,13.0,0.21546951888707824,5,116
9.0,14.0,0.2182606048216183,7,118
13.0,15.0,0.21634627785244398,9,120
19.0,14.0,0.2179718913542061,11,122
34.0,14.0,0.2194960976324915,0,124
0.0,0.0,0.0,1,3
0.0,0.0,0.0,3,5
10.0,14.0,0.19329483371893336,0,7
9.0,15.0,0.21454315273370475,0,9
37.0,17.0,0.22768080776742056,2,11
31.0,18.0,0.2266388879027351,4,13
21.0,21.0,0.21064176911924853,0,15
7.0,20.0,0.22372675429190908,1,17
32.0,19.0,0.22016677821665492,3,19
9.0,24.0,0.20993936807908417,5,21
24.0,15.0,0.2213926257096776,7,23
20.0,16.0,0.2166815762157179,9,25
13.0,18.0,0.20192420504322223,11,27
8.0,30.0,0.23284031913085754,13,29
23.0,22.0,0.24044941268406414,15,31
14.0,27.0,0.2233295196355568,0,33
20.0,22.0,0.23515123456451287,1,2
16.0,23.0,0.23336644880117405,0,4
20.0,22.0,0.22343311988576064,1,6
34.0,16.0,0.23110628894500834,3,8
25.0,15.0,0.23394266179306156,5,10
27.0,15.0,0.2327508961934858,7,12
23.0,13.0,0.23443027502515867,9,14
23.0,13.0,0.23305705329444612,11,16
12.0,25.0,0.23034178773571712,13,18
14.0,24.0,0.25133703490180664,15,20
29.0,18.0,0.24728333228694832,17,22
9.0,25.0,0.2593382443923794,19,24
16.0,26.0,0.2510455574386712,21,26
18.0,24.0,0.25332577126460937,23,28
23.0,23.0,0.2503229531667487,25,30
17.0,28.0,0.23282601933160468,0,32
17.0,19.0,0.23697705845949857,0,34
34.0,23.0,0.2373395609526839,0,2
38.0,22.0,0.2343099827849999,1,4
43.0,23.0,0.2476807251680357,3,6
11.0,24.0,0.2489132834161118,5,8
11.0,24.0,0.24884782623150378,7,10
8.0,25.0,0.23983348967524026,9,12
11.0,26.0,0.2489782717315326,11,14
44.0,22.0,0.24776473238845606,13,16
11.0,26.0,0.2572747165782848,15,18
10.0,27.0,0.2578319580623113,17,20
11.0,26.0,0.261479159232748,19,22
14.0,23.0,0.25107377850199325,21,24
15.0,24.0,0.2508482566699846,23,26
28.0,23.0,0.25406565956252225,25,28
21.0,25.0,0.22891372390063763,0,30
16.0,19.0,0.2415137344007564,2,32
17.0,20.0,0.24388788945369524,0,2
25.0,23.0,0.24322995130052377,0,4
13.0,22.0,0.23474217717842216,1,6
15.0,22.0,0.2377981676040645,0,8
40.0,22.0,0.24860586669526596,1,10
33.0,17.0,0.2485439687795112,3,12
8.0,20.0,0.24384815180146344,0,14
18.0,8.0,0.22195787163530328,2,16
7.0,18.0,0.24390901058535489,4,18
42.0,22.0,0.24792121072010645,0,20
16.0,24.0,0.23895432958054044,0,22
22.0,15.0,0.2352371336402256,1,24
12.0,23.0,0.23475011741722945,3,26
31.0,18.0,0.24105473488986132,5,28
25.0,14.0,0.2438776654243989,7,30
26.0,12.0,0.23975428046694622,9,32
29.0,12.0,0.24114170126331524,11,34
13.0,12.0,0.23938003463051308,13,36
28.0,11.0,0.24003340919620994,15,38
24.0,11.0,0.24498216084494387,17,40
22.0,10.0,0.244123930863831,19,42
31.0,10.0,0.2434994200923769,21,44
29.0,10.0,0.24228285781183032,23,46
7.0,24.0,0.20679226227370184,25,48
39.0,24.0,0.2682012152855616,27,50
30.0,17.0,0.24715166533312805,29,52
26.0,17.0,0.24133085095001997,31,54
20.0,15.0,0.24269465973134693,33,56
16.0,13.0,0.2399420867408318,35,58
6.0,23.0,0.2498691493479692,37,60
17.0,30.0,0.24697801526805038,39,62
9.0,24.0,0.2272895714655664,0,64
31.0,14.0,0.23071791903525096,0,66
14.0,13.0,0.2344186791221587,1,68
31.0,14.0,0.2297421109485608,1,70
17.0,26.0,0.2335901599511788,0,72
19.0,27.0,0.234163973886458,1,74
12.0,26.0,0.23636148750223201,0,76
25.0,19.0,0.22459844764724202,2,2
21.0,14.0,0.21142612683543108,4,4
23.0,13.0,0.2151336417820472,6,6
25.0,13.0,0.22041309655214406,0,8
10.0,17.0,0.2194338876488022,2,10
13.0,22.0,0.21738453076043354,0,12
31.0,17.0,0.2146637394509507,2,14
7.0,22.0,0.23044650008503262,4,16
9.0,28.0,0.24261436846456388,6,18
12.0,33.0,0.2470045850829684,8,20
17.0,29.0,0.2508750799398689,10,22
27.0,25.0,0.24259623358723098,12,24
26.0,19.0,0.2357679669959003,14,26
12.0,18.0,0.22808613005286163,16,28
14.0,20.0,0.23281921064199332,18,30
11.0,22.0,0.23321120294995992,20,32
9.0,17.0,0.21101871847190865,22,34
30.0,15.0,0.2086979428976424,24,36
23.0,13.0,0.18504736940923927,26,38
30.0,6.0,0.17907433366102227,28,40
27.0,14.0,0.2047671428756275,30,42
24.0,14.0,0.22281681083868377,0,44
13.0,15.0,0.22459824571978387,0,46
35.0,15.0,0.22648984032343017,0,48
23.0,16.0,0.22737213754511817,0,50
34.0,15.0,0.22372806326318345,2,52
28.0,16.0,0.22476540130227518,1,54
9.0,16.0,0.22220093254194265,1,56
31.0,18.0,0.2273224315179022,3,58
37.0,19.0,0.23096171297654433,0,60
7.0,20.0,0.22377438030392577,0,62
11.0,20.0,0.22304132556004053,0,64
10.0,16.0,0.21802260614639757,0,66
40.0,13.0,0.2280019328839165,0,68
26.0,14.0,0.22623208853689533,1,2
8.0,16.0,0.1924868726242997,3,4
27.0,14.0,0.21627304526297167,5,6
26.0,13.0,0.22359984565613727,7,8
19.0,16.0,0.21907845671519943,9,10
38.0,16.0,0.22257031877486527,11,12
27.0,15.0,0.21927010518185602,13,14
19.0,17.0,0.22380165491697154,15,16
11.0,17.0,0.2172257861065514,17,18
31.0,16.0,0.22056086727657523,19,20
26.0,17.0,0.19503369314060445,21,22
18.0,20.0,0.2074713263834545,23,24
24.0,19.0,0.20717979359742156,25,26
26.0,18.0,0.21064021065923444,27,28
24.0,18.0,0.20748868138416593,29,30
32.0,17.0,0.210889893913756,31,32
16.0,18.0,0.21201520194196044,33,34
11.0,16.0,0.20524865243676457,35,36
23.0,16.0,0.20541357190974632,37,38
28.0,17.0,0.20419411510416147,39,40
19.0,17.0,0.1995976747692714,41,42
28.0,15.0,0.20571357219023795,43,44
22.0,12.0,0.202796446567188,45,46
11.0,20.0,0.1924008800327305,47,48
13.0,21.0,0.22084271288722604,49,50
8.0,21.0,0.21737784159075652,51,52
15.0,23.0,0.2194070594917214,53,54
32.0,16.0,0.2095369125705388,55,56
7.0,24.0,0.21446340628699284,57,58
19.0,26.0,0.21820386648252743,59,60
37.0,24.0,0.22010196648678243,61,62
9.0,25.0,0.21787963055198867,63,64
6.0,25.0,0.22093841026003475,65,66
8.0,25.0,0.21652305977842493,67,68
26.0,14.0,0.2085202621618512,69,70
15.0,11.0,0.18539292328358328,71,72
14.0,10.0,0.18891831220058516,73,74
31.0,12.0,0.19238901515529747,75,76
32.0,15.0,0.19479647648977466,77,78
16.0,13.0,0.19476749623003692,79,80
23.0,18.0,0.20262931599628833,81,82
22.0,20.0,0.20312306721914508,83,84
20.0,17.0,0.19878509220553547,85,86
21.0,17.0,0.20311123572615458,87,88
20.0,20.0,0.19976358090327745,89,90
7.0,16.0,0.19516382985551486,91,92
27.0,19.0,0.2031813482988664,93,94
21.0,16.0,0.1992301299003598,95,96
22.0,17.0,0.20263578950194944,97,98
18.0,17.0,0.20154098968691647,99,100
14.0,17.0,0.20623507593468998,101,102
17.0,15.0,0.20367501246966277,103,104
20.0,13.0,0.21937577113231022,105,106
33.0,14.0,0.22384591249722435,107,108
18.0,24.0,0.22145712583177163,109,110
6.0,28.0,0.2246694241967119,111,112
8.0,29.0,0.23107685792286592,113,114
26.0,20.0,0.22753838999507833,115,116
8.0,27.0,0.22931538591468692,117,118
10.0,27.0,0.23642869801713787,119,120
9.0,27.0,0.23631556970147857,121,122
10.0,28.0,0.23822143434448545,123,124
7.0,27.0,0.2370804517407763,125,126
9.0,28.0,0.23370386354444483,127,128
40.0,17.0,0.2290631614357091,129,130
13.0,22.0,0.19356989828585786,0,132
9.0,24.0,0.2138400086328211,0,134
7.0,23.0,0.2135244295864567,2,136
13.0,23.0,0.22208162460552142,0,138
10.0,23.0,0.21886051019871922,0,140
22.0,19.0,0.22807365340233338,0,2
6.0,20.0,0.22241255976179125,2,4
8.0,15.0,0.18961453339784212,4,6
15.0,20.0,0.2294600454161046,6,8
12.0,22.0,0.22857977054001713,0,10
16.0,20.0,0.22951542271209252,1,12
11.0,18.0,0.2124507876675382,1,14
17.0,14.0,0.21167117478578854,3,16
43.0,21.0,0.22127876992321657,0,18
15.0,9.0,0.21306395763423827,1,20
22.0,17.0,0.2114243699372096,0,22
16.0,17.0,0.19419992103080522,2,24
13.0,12.0,0.17595243190964197,4,26
22.0,11.0,0.15151667968350516,6,28
29.0,13.0,0.15376638695973893,8,30
16.0,12.0,0.15667225290557962,10,32
24.0,12.0,0.15215685620615754,12,34
14.0,12.0,0.15038812480039365,14,36
18.0,11.0,0.19819959634366774,16,38
12.0,13.0,0.20858255308177662,1,40
8.0,16.0,0.21369853919498913,3,42
10.0,14.0,0.21054830592846951,5,44
8.0,22.0,0.214804357902267,0,46
10.0,20.0,0.21335247065766333,0,48
17.0,20.0,0.21611090672487815,0,50
28.0,7.0,0.22119097276267688,0,52
21.0,3.0,0.23013390480766663,1,54
22.0,4.0,0.21182682648410972,3,56
21.0,16.0,0.2105312664346442,5,58
22.0,13.0,0.16721706889220622,7,60
7.0,12.0,0.16174893247835667,9,62
14.0,21.0,0.21532471526069744,11,64
11.0,19.0,0.2227483986964502,13,66
8.0,18.0,0.21617171151925313,15,68
10.0,21.0,0.2256991871062166,17,70
14.0,20.0,0.22507901750003032,19,72
11.0,20.0,0.2255594880342665,21,74
33.0,15.0,0.2185427331430017,23,76
10.0,21.0,0.2200264434243355,25,78
10.0,25.0,0.22435191513057745,27,80
26.0,20.0,0.21873602992526542,29,82
37.0,16.0,0.21519034880527718,31,84
8.0,17.0,0.20651056605602025,33,86
14.0,22.0,0.20287482353142183,35,88
17.0,23.0,0.20167011455961098,37,90
18.0,14.0,0.16898862266367534,39,92
25.0,18.0,0.18679987068330706,41,94
10.0,17.0,0.1892219328610018,43,96
12.0,24.0,0.19603632992107817,45,98
18.0,14.0,0.19718528088062642,47,100
9.0,17.0,0.19785085784027348,49,102
25.0,13.0,0.19705497419817997,51,104
7.0,20.0,0.20556181695559747,53,106
14.0,19.0,0.19976854839427588,55,108
27.0,16.0,0.19649096617845005,57,110
18.0,16.0,0.1643957511455858,59,112
6.0,17.0,0.20454330984860375,0,114
9.0,21.0,0.21855355634043086,0,116
23.0,13.0,0.19041985619248242,1,118
13.0,9.0,0.1937233694441487,3,120
27.0,13.0,0.21604376194602315,5,122
30.0,12.0,0.19090222261224524,7,124
20.0,11.0,0.2034803939536584,9,126
20.0,11.0,0.20084353964928384,11,128
17.0,12.0,0.19932384321620267,13,130
14.0,18.0,0.20496012240211928,15,132
7.0,22.0,0.20618360914316314,0,134
18.0,14.0,0.21022647927521448,0,136
0.0,0.0,0.0,14,14
0.26,2.37,,15,18
5.0,5.0,0.17887245899327336,23,24
0.0,0.0,0.0,6,16
0.0,0.0,0.0,11,12
39.0,7.0,0.1850784453273784,9,34
18.0,9.0,0.17546636893765408,21,22
14.0,35.0,0.12541749600442367,13,14
9.0,5.0,,0,31
8.0,13.0,,0,42
8.0,12.0,,1,45
9.0,9.0,0.2040349225971291,2,25
40.0,2.0,,30,33
11.0,21.0,0.19186992464128355,6,50
0.0,0.0,0.0,0,11
17.0,7.0,0.22632095939148705,4,13
9.0,16.0,0.2184316753162007,0,19
29.0,12.0,0.22400652277862523,3,21
0.0,0.0,,219,243
19.0,1.0,,34,41
22.0,1.0,0.19311355162540966,7,8
11.0,31.0,0.27658070956177355,0,20
18.0,10.0,0.22117452691370834,1,59
8.0,17.0,0.19074526274723333,3,15
6.0,5.0,0.20920943909026862,98,98
10.0,15.0,0.18925308020188586,0,6
28.0,13.0,0.1979988574443741,1,17
24.0,1.0,0.2523662406408596,45,96
15.0,2.0,,0,368
7.0,10.0,,30,30
0.0,0.0,0.0,16,16
28.0,12.0,0.22521120708635897,0,35
18.0,25.0,0.19310661842252222,6,28
0.0,0.0,0.0,1,2
21.0,6.0,,0,12
7.0,11.0,0.15001849928996744,0,25
9.0,11.0,0.18753298149353229,1,21
5.0,6.0,,32,32
8.0,4.0,0.22209499957555,3,84
0.0,0.0,0.0,3,22
0.0,0.0,0.0,60,60
8.0,4.0,0.2645467335050924,1,55
11.0,8.0,0.18644884824530097,1,44
15.0,5.0,0.18181109579316532,0,37
0.0,0.0,0.0,3,10
0.0,0.0,0.0,1,27
0.0,0.0,0.0,12,12
2.0,3.24,,41,41
4.71,3.23,,119,121
0.0,0.0,0.0,17,18
6.0,4.0,0.14301031765913896,1,7
15.0,13.0,0.2032234642387391,6,25
46.0,11.0,0.1347028137392438,5,19
11.0,9.0,0.139806361144696,0,55
22.0,14.0,0.21843257973093336,1,16
26.0,3.0,0.29814954967893187,0,61
8.0,7.0,0.19433274765764358,12,56
6.0,9.0,0.22355102505152916,1,11
21.0,10.0,,0,10
24.0,3.0,0.14877810101784067,16,47
6.0,8.0,0.2504170048714669,25,76
5.71,0.8,,0,52
14.0,7.0,0.2613385915496303,13,64
0.0,0.0,0.0,104,152
31.0,10.0,0.21752060090253658,2,50
0.0,0.0,0.0,43,128
12.0,15.0,0.2009908173192956,6,15
5.0,13.0,0.14790019476385924,0,17
8.0,20.0,,49,145
0.0,0.0,0.0,3,85
8.0,4.0,0.2093871256205401,88,88
7.0,3.0,0.2589917116870639,42,122
0.0,0.0,,32,33
14.0,6.0,0.14249674505597243,0,68
14.0,4.0,0.14142782698220666,0,66
39.0,17.0,0.11419779026712183,5,7
13.0,20.0,0.20239763346765033,18,40
23.0,8.0,,0,9
3.54,1.98,,0,98
0.0,0.0,0.0,0,130
0.0,0.0,0.0,0,37
18.0,4.0,0.14704550367842636,1,10
1.24,1.85,,20,21
10.0,10.0,0.22013056463355768,3,41
11.0,11.0,0.20004569519891446,0,6
10.0,3.0,0.22429246917668721,23,39
0.0,0.0,0.0,0,47
0.0,0.0,0.0,8,8
7.04,4.66,,0,40
9.0,3.0,0.22008083648487978,8,62
0.0,0.0,0.0,0,48
18.0,0.0,0.1797392085550036,0,8
32.0,20.0,0.2775933628137942,0,16
20.0,8.0,0.19921000353985185,2,37
3.37,3.05,,6,10
2.83,2.25,,45,181
7.0,7.0,,76,172
7.0,13.0,,17,43
16.0,7.0,0.13051034498607175,13,14
7.0,1.0,0.2202274501147861,10,64
24.0,0.0,,0,10
10.0,19.0,0.23502646633299773,6,21
13.0,12.0,0.11220024404599255,1,11
8.0,12.0,,16,16
21.0,0.0,0.1993058487951871,6,6
20.0,7.0,0.12702938651506565,11,12
22.0,13.0,,0,14
5.66,0.26,,26,89
9.0,23.0,,8,8
27.0,8.0,0.21282895961322543,0,6
16.0,26.0,0.21330638360333604,4,10
15.0,6.0,0.2048846886657219,31,38
0.0,0.0,0.0,0,59
0.0,0.0,,5,5
25.0,7.0,0.1992425509931452,0,32
8.0,18.0,0.14480297006983314,0,43
6.4,4.15,,0,112
7.21,0.95,,7,50
7.0,6.0,0.23145576254053601,6,59
11.0,24.0,0.27585148342297716,9,10
0.0,0.0,0.0,110,110
15.0,2.0,,15,16
16.0,9.0,0.19005948417917254,0,19
22.0,6.0,,0,12
29.0,18.0,,8,16
18.0,5.0,,0,26
0.0,0.0,0.0,17,18
0.0,0.0,0.0,0,30
12.0,18.0,,53,56
21.0,5.0,,5,6
36.0,7.0,0.23870862081286587,2,26
35.0,12.0,0.17682865380230303,9,19
18.0,9.0,,2,2
26.0,27.0,0.27168778558825374,22,44
34.0,15.0,0.21378315852360996,0,10
22.0,7.0,0.23972364235556964,3,4
2.6,0.69,,31,31
9.0,26.0,0.2751016976383485,0,4
19.0,7.0,0.19811239114344043,0,31
0.0,0.0,,5,6
8.0,16.0,,0,10
8.0,4.0,0.1943254165091964,24,56
32.0,23.0,,10,59
0.0,0.0,,163,187
3.07,0.79,,58,179
0.0,0.0,0.0,47,98
8.0,20.0,0.1660019741840868,3,29
0.0,0.0,0.0,21,72
11.0,2.0,0.16038227427751064,1,11
18.0,2.0,,3,4
0.0,0.0,,289,313
13.0,6.0,,5,8
8.0,13.0,0.2349666040109825,0,29
19.0,10.0,0.1735154576835331,0,18
34.0,8.0,0.19938335343804856,3,13
0.0,0.0,0.0,7,37
0.0,0.0,,187,211
15.0,5.0,0.18092910581277177,0,14
9.0,6.0,0.20558440605995632,27,34
4.84,1.52,,16,79
12.0,2.0,,20,23
50.0,1.0,0.13576996984080766,31,67
21.0,16.0,0.21281238530375887,0,49
6.0,3.0,0.2285650964193068,24,24
54.0,26.0,0.28110069637293433,1,14
9.0,5.0,0.2413118862782936,9,25
17.0,11.0,0.2113301919570709,0,6
0.0,0.0,0.0,0,17
17.0,15.0,0.24073943409294868,5,13
0.0,0.0,,55,233
1.32,0.17,,7,141
2.25,3.73,,80,84
10.0,21.0,,11,107
0.0,0.0,0.0,0,31
6.0,4.0,,7,14
13.0,12.0,0.24721931087428017,5,19
6.0,18.0,0.20153182855370932,0,54
0.0,0.0,,0,3
14.0,8.0,,0,15
7.88,4.59,,22,143
26.04,4.97,,24,28
8.0,2.0,0.23534502638744395,14,60
0.0,0.0,0.5,0,0
0.0,0.0,0.0,21,106
0.0,0.0,0.0,43,62
24.0,13.0,0.25607695205150244,0,63
23.0,15.0,0.16869052538320012,0,4
8.0,16.0,0.17088634597246646,0,63
8.0,8.0,0.19860536751896601,1,13
6.75,4.08,,29,70
18.0,12.0,0.2185202618599294,2,13
20.0,10.0,0.19396121143932857,0,4
15.0,17.0,,33,211
11.0,20.0,0.2163502006386963,0,2
13.0,25.0,0.21836444615297357,0,4
0.0,0.0,,337,361
0.0,0.0,0.0,23,103
27.0,11.0,0.18772360178777878,5,6
8.0,1.0,,12,46
14.0,2.0,0.1476856442923673,0,16
6.0,0.0,,2,65
0.0,0.0,0.0,9,25
7.0,6.0,,18,19
29.0,51.0,0.32488400485477603,8,20
0.0,0.0,0.0,7,8
10.0,18.0,0.202631874190166,0,12
23.0,4.0,0.21829493227745536,0,49
7.0,11.0,,1,6
0.0,0.0,,47,50
15.0,18.0,,12,12
26.0,11.0,,0,12
60.0,10.0,0.17117546887946977,6,52
9.0,25.0,0.2161702249106469,0,8
54.0,49.0,0.17039394677856476,4,28
28.04,2.29,,10,131
0.0,0.0,0.0,3,74
8.0,24.0,0.271679984597682,0,81
15.0,30.0,0.20807534839580316,0,23
0.0,0.0,0.0,0,154
17.0,17.0,0.1896852569503838,0,21
0.0,0.0,,231,255
19.0,13.0,0.18764736764646367,16,16
0.0,0.0,,90,113
6.0,0.0,0.19855935985049702,12,55
48.0,27.0,0.2799606114217113,0,16
51.0,13.0,0.17933536463799915,7,10
0.0,0.0,,243,267
10.0,13.0,0.12146755890399967,8,26
0.0,0.0,0.0,1,5
10.0,12.0,0.1800936025966061,0,2
0.0,0.0,0.0,3,3
8.0,12.0,0.22269819636687913,0,17
3.21,3.64,,0,20
23.0,23.0,0.24201817312252966,1,17
15.0,10.0,,7,7
24.0,11.0,0.1706748710985242,1,46
6.0,19.0,,57,153
7.0,6.0,0.15108405275164452,3,73
58.0,3.0,0.14673259874787792,1,89
3.6,3.19,,2,12
0.0,0.0,0.0,53,72
0.0,0.0,0.0,1,57
21.0,2.0,0.20237562771079257,1,2
0.0,0.0,0.0,31,82
20.0,15.0,0.2666410221520322,2,67
0.0,0.0,0.0,5,30
0.0,0.0,,0,4
49.0,4.0,,8,94
0.0,0.0,0.0,0,41
0.0,0.0,0.0,3,54
19.0,6.0,0.24176930589864878,8,54
0.0,0.0,0.0,0,7
17.0,7.0,0.25042698929893176,9,60
23.0,16.0,0.2226126116948709,6,18
20.0,33.0,0.20139114636287825,3,39
8.0,7.0,,6,18
18.0,13.0,0.09752608660706233,22,22
0.0,0.0,0.0,25,57
40.0,12.0,0.22936672517997683,15,58
11.0,38.0,0.1515320459522396,0,0
0.0,0.0,0.0,32,54
0.0,0.0,0.0,0,118
46.0,18.0,0.17215421004374643,11,12
32.0,22.0,0.17257712115395735,41,61
0.0,0.0,0.0,0,0
4.52,4.01,,17,81
21.0,8.0,0.20231971789052272,0,56
0.0,0.0,0.0,1,4
0.0,0.0,0.0,0,48
0.0,0.0,0.0,4,4
37.0,12.0,0.2106612312036163,9,10
6.87,3.6,,7,22
0.0,0.0,0.0,112,160
26.0,12.0,,68,91
0.61,3.6,,30,32
6.03,0.84,,46,50
0.0,0.0,0.0,3,57
69.0,15.0,0.2224103141355428,1,6
0.0,0.0,0.0,1,14
15.0,1.0,0.1982484949447626,17,42
0.0,0.0,0.0,1,37
0.0,0.0,0.0,86,86
3.91,1.57,,80,201
12.0,7.0,0.1520523651114126,9,79
50.0,36.0,,0,12
20.0,5.0,0.21000713862825657,4,16
0.0,0.0,0.0,2,59
10.0,9.0,0.17726425029173934,10,28
18.0,6.0,0.20021921398157663,18,53
15.0,5.0,0.19063000916011869,6,11
11.0,16.0,,61,157
0.0,0.0,0.0,1,3
0.0,0.0,,0,0
28.0,9.0,,0,25
39.0,9.0,0.1914419832788092,14,46
2.55,2.43,,0,191
0.0,0.0,0.0,2,3
15.0,30.0,0.19484516361373427,0,38
17.0,8.0,,8,20
1.67,4.13,,12,75
21.0,1.0,0.13047851206890373,13,27
0.0,0.0,0.0,0,9
25.0,18.0,,32,55
4.71,3.31,,73,221
